command_id,working_directory,command_json,timestamp_utc,exit_code,duration_seconds,execution_status,log,interpretation
baseline-tests,/mnt/data/work/ZephyrTrade-original,"[""python"", ""-m"", ""pytest"", ""-W"", ""error""]",2026-09-28T20:57:24.836391+00:00,0,6.886,PASS,baseline-tests.log,Command status only; consult log and report for scope.
regression-before,/mnt/data/work/ZephyrTrade-original,"[""python"", ""-m"", ""pytest"", ""/mnt/data/work/test_repair_regressions.py"", ""-W"", ""error"", ""-q""]",2026-09-28T20:59:02.875768+00:00,1,2.635,FAIL,regression-before.log,Pre-repair baseline; expected defect demonstrations. Initial overly specific message checks corrected in refined run.
regression-baseline-refined,/mnt/data/work/ZephyrTrade-original,"[""python"", ""-m"", ""pytest"", ""/mnt/data/work/test_repair_regressions.py"", ""-W"", ""error"", ""-q"", ""--tb=line""]",2026-09-28T20:59:28.901097+00:00,1,2.603,FAIL,regression-baseline-refined.log,Pre-repair baseline; expected defect demonstrations. Initial overly specific message checks corrected in refined run.
core-after,/mnt/data/ZephyrTrade_Champion,"[""python"", ""-m"", ""pytest"", ""-W"", ""error""]",2026-09-28T20:59:33.711454+00:00,0,4.138,PASS,core-after.log,Command status only; consult log and report for scope.
snapshot-build,/mnt/data/ZephyrTrade_Champion,"[""python"", ""scripts/build_app.py""]",2026-09-28T21:06:30.886554+00:00,0,1.491,PASS,snapshot-build.log,Command status only; consult log and report for scope.
browser-first-pass,/mnt/data/ZephyrTrade_Champion,"[""python"", ""/mnt/data/work/inspect_browser.py""]",2026-09-28T21:09:57.001898+00:00,1,1.528,BLOCKED,browser-first-pass.log,Command status only; consult log and report for scope. Browser rendering harness uses set_content and explicit in-memory Storage double; no native navigation.
browser-render-pass,/mnt/data/ZephyrTrade_Champion,"[""python"", ""/mnt/data/work/inspect_browser.py""]",2026-09-28T21:10:20.103182+00:00,0,2.41,PASS,browser-render-pass.log,Command status only; consult log and report for scope. Browser rendering harness uses set_content and explicit in-memory Storage double; no native navigation.
hosted-smoke,/mnt/data/ZephyrTrade_Champion,"[""python"", ""/mnt/data/work/check_hosted.py""]",2026-09-28T21:10:52.678565+00:00,1,1.896,BLOCKED,hosted-smoke.log,Command status only; consult log and report for scope.
snapshot-build-v2,/mnt/data/ZephyrTrade_Champion,"[""python"", ""scripts/build_app.py""]",2026-09-28T21:12:01.984132+00:00,0,1.388,PASS,snapshot-build-v2.log,Command status only; consult log and report for scope.
api-and-core-first,/mnt/data/ZephyrTrade_Champion,"[""python"", ""-m"", ""pytest"", ""-W"", ""error""]",2026-09-28T21:13:05.526468+00:00,1,4.669,FAIL,api-and-core-first.log,Command status only; consult log and report for scope.
browser-engine-first,/mnt/data/ZephyrTrade_Champion,"[""node"", ""--test"", ""tests/browser/engine.test.cjs""]",2026-09-28T21:13:06.183593+00:00,0,0.091,PASS,browser-engine-first.log,Command status only; consult log and report for scope. Browser rendering harness uses set_content and explicit in-memory Storage double; no native navigation.
api-and-core-corrected,/mnt/data/ZephyrTrade_Champion,"[""python"", ""-m"", ""pytest"", ""-W"", ""error""]",2026-09-28T21:13:22.811861+00:00,0,4.576,PASS,api-and-core-corrected.log,Command status only; consult log and report for scope.
pipeline-smoke-interrupted,/mnt/data/ZephyrTrade_Champion,"[""python"", ""-m"", ""zephyrtrade.pipeline"", ""--start"", ""2023-01-01"", ""--end"", ""2023-05-01"", ""--raw-data-dir"", ""/mnt/data/work/pipeline-smoke/raw"", ""--processed-data-dir"", ""/mnt/data/work/pipeline-smoke/processed"", ""--artifact-dir"", ""/mnt/data/work/pipeline-smoke/artifacts"", ""--figure-dir"", ""/mnt/data/work/pipeline-smoke/figures""]",2026-09-28T21:14:07.725354+00:00,,,INCONCLUSIVE,pipeline-smoke-interrupted.log,Interrupted. No completion or invented exit status.
pipeline-default-timeout,/mnt/data/ZephyrTrade_Champion,"[""python"", ""-m"", ""zephyrtrade.pipeline"", ""--start"", ""2023-01-01"", ""--end"", ""2023-05-01"", ""--raw-data-dir"", ""/mnt/data/work/pipeline-check/raw"", ""--processed-data-dir"", ""/mnt/data/work/pipeline-check/processed"", ""--artifact-dir"", ""/mnt/data/work/pipeline-check/artifacts"", ""--figure-dir"", ""/mnt/data/work/pipeline-check/figures""]",2026-09-28T21:15:42.124908+00:00,,,INCONCLUSIVE,pipeline-default-timeout.log,Interrupted. No completion or invented exit status.
engine-parity,/mnt/data/ZephyrTrade_Champion,"[""python"", ""scripts/verify_engines.py""]",2026-09-28T21:15:43.949752+00:00,0,1.16,PASS,engine-parity.log,Command status only; consult log and report for scope.
reduced-training-smoke,/mnt/data/ZephyrTrade_Champion,"[""python"", ""-u"", ""scripts/smoke_research.py"", ""--output"", ""/mnt/data/work/reduced-training-smoke""]",2026-09-28T21:15:54.912531+00:00,0,10.345,PASS,reduced-training-smoke.log,Completed smaller Phase 3 grid; four retained Lasso convergence warnings; not full-grid model acceptance.
snapshot-build-v3,/mnt/data/ZephyrTrade_Champion,"[""python"", ""scripts/build_app.py""]",2026-09-28T21:17:06.489608+00:00,0,1.503,PASS,snapshot-build-v3.log,Command status only; consult log and report for scope.
browser-functional-first,/mnt/data/ZephyrTrade_Champion,"[""python"", ""scripts/check_browser.py""]",2026-09-28T21:17:16.060802+00:00,1,8.957,FAIL,browser-functional-first.log,Command status only; consult log and report for scope. Browser rendering harness uses set_content and explicit in-memory Storage double; no native navigation.
browser-functional-harness-corrected,/mnt/data/ZephyrTrade_Champion,"[""python"", ""scripts/check_browser.py""]",2026-09-28T21:17:44.442524+00:00,1,10.961,FAIL,browser-functional-harness-corrected.log,Command status only; consult log and report for scope. Browser rendering harness uses set_content and explicit in-memory Storage double; no native navigation.
snapshot-build-v4,/mnt/data/ZephyrTrade_Champion,"[""python"", ""scripts/build_app.py""]",2026-09-28T21:18:06.378348+00:00,0,1.379,PASS,snapshot-build-v4.log,Command status only; consult log and report for scope.
browser-functional-mobile-repaired,/mnt/data/ZephyrTrade_Champion,"[""python"", ""scripts/check_browser.py""]",2026-09-28T21:18:13.316226+00:00,0,6.308,PASS,browser-functional-mobile-repaired.log,Command status only; consult log and report for scope. Browser rendering harness uses set_content and explicit in-memory Storage double; no native navigation.
browser-final-screenshots,/mnt/data/ZephyrTrade_Champion,"[""python"", ""scripts/check_browser.py""]",2026-09-28T21:19:18.045616+00:00,0,18.24,PASS,browser-final-screenshots.log,Command status only; consult log and report for scope. Browser rendering harness uses set_content and explicit in-memory Storage double; no native navigation.
wheel-build,/mnt/data/ZephyrTrade_Champion,"[""python"", ""-c"", ""from setuptools.build_meta import build_wheel; print(build_wheel(\""dist\""))""]",2026-09-28T21:22:18.013716+00:00,0,1.13,PASS,wheel-build.log,Command status only; consult log and report for scope.
python-final-tests,/mnt/data/ZephyrTrade_Champion,"[""python"", ""-m"", ""pytest"", ""-W"", ""error""]",2026-09-28T21:25:34.332700+00:00,0,6.983,PASS,python-final-tests.log,Command status only; consult log and report for scope.
javascript-final-tests,/mnt/data/ZephyrTrade_Champion,"[""node"", ""--test"", ""tests/browser/engine.test.cjs""]",2026-09-28T21:25:35.054763+00:00,0,0.09,PASS,javascript-final-tests.log,Command status only; consult log and report for scope.
snapshot-final-build,/mnt/data/ZephyrTrade_Champion,"[""python"", ""scripts/build_app.py""]",2026-09-28T21:25:37.069297+00:00,0,1.378,PASS,snapshot-final-build.log,Command status only; consult log and report for scope.
parity-final,/mnt/data/ZephyrTrade_Champion,"[""python"", ""scripts/verify_engines.py""]",2026-09-28T21:25:38.797083+00:00,0,1.079,PASS,parity-final.log,Command status only; consult log and report for scope.
browser-final,/mnt/data/ZephyrTrade_Champion,"[""python"", ""scripts/check_browser.py""]",2026-09-28T21:26:20.248411+00:00,0,18.574,PASS,browser-final.log,Command status only; consult log and report for scope. Browser rendering harness uses set_content and explicit in-memory Storage double; no native navigation.
python-compile,/mnt/data/ZephyrTrade_Champion,"[""python"", ""-m"", ""compileall"", ""-q"", ""src"", ""scripts""]",2026-09-28T21:26:21.467614+00:00,0,0.568,PASS,python-compile.log,Command status only; consult log and report for scope.
javascript-syntax,/mnt/data/ZephyrTrade_Champion,"[""node"", ""--check"", ""src/zephyrtrade/web/app.js""]",2026-09-28T21:26:22.124290+00:00,0,0.021,PASS,javascript-syntax.log,Command status only; consult log and report for scope.
shell-launcher-syntax,/mnt/data/ZephyrTrade_Champion,"[""sh"", ""-n"", ""start-python.sh""]",2026-09-28T21:26:22.724434+00:00,0,0.002,PASS,shell-launcher-syntax.log,Command status only; consult log and report for scope.
ruff-unavailable,/mnt/data/ZephyrTrade_Champion,"[""python"", ""-m"", ""ruff"", ""check"", ""src"", ""tests""]",2026-09-28T21:26:23.898741+00:00,1,0.588,BLOCKED,ruff-unavailable.log,Command status only; consult log and report for scope.
wheel-final-build,/mnt/data/ZephyrTrade_Champion,"[""python"", ""-c"", ""from setuptools.build_meta import build_wheel; print(build_wheel(\""dist\""))""]",2026-09-28T21:31:56.336289+00:00,0,1.136,PASS,wheel-final-build.log,Command status only; consult log and report for scope.
wheel-final-install-smoke,/mnt/data/ZephyrTrade_Champion,"[""python"", ""/mnt/data/work/verify_wheel_install.py""]",2026-09-28T21:32:28.428788+00:00,0,2.831,PASS,wheel-final-install-smoke.log,Install --no-index --no-deps in isolated target; system scientific dependencies reused; not Windows or browser E2E.
