path,status,original_sha256,candidate_sha256,bytes,note
.github/workflows/ci.yml,MODIFIED,3ce9ce679d2deef95c1c7e0d3dcee56f1c9a6d2d572deabfe3b8e53d9cf131b7,510052f3928e3e3ddacf39a4739a6f2947c23999f23d5d1262eddfc02bfc5960,1187,
.gitignore,MODIFIED,1a42432431b7d623c83c994920f2a400caad23d11f423a9cd38cdd57a71f59ae,7cfd1ed328423abfd7b0c43d403a30734ce6465b40042f42bff675a60d90166b,422,
.vs/VSWorkspaceState.json,EXCLUDED,f8315c8ace58425aeca40c1c17b3be8d50894c55f561cd7e36266da5d5ea3d72,,,Excluded environment/IDE/cache metadata; original upload preserved.
.vs/ZephyrTrade.slnx/FileContentIndex/b77c9b0d-43ec-4629-85ac-7a17c8de9818.vsidx,EXCLUDED,e82a30a58f83e8a2e392f365ec35293b63bf19251639180386fe4910610da93a,,,Excluded environment/IDE/cache metadata; original upload preserved.
.vs/ZephyrTrade.slnx/v18/.wsuo,EXCLUDED,3ba5f9faa37f6cd8f54838a416e138417142d6946871e1a79b8d8532064c5f3a,,,Excluded environment/IDE/cache metadata; original upload preserved.
.vs/ZephyrTrade.slnx/v18/DocumentLayout.backup.json,EXCLUDED,0c0161c301900195d95302d41009df1b40fc1bfccd9b23de3bfae4c148d1e77b,,,Excluded environment/IDE/cache metadata; original upload preserved.
.vs/ZephyrTrade.slnx/v18/DocumentLayout.json,EXCLUDED,5dea68e173dd27c4d947c92930067e9c2a2cc93e166be4031bf806b1a3862a6c,,,Excluded environment/IDE/cache metadata; original upload preserved.
.vs/slnx.sqlite,EXCLUDED,9162aee656a449e587b5b0aded249f3d1472277aec42f6f377be0537237e4ae1,,,Excluded environment/IDE/cache metadata; original upload preserved.
CHANGELOG.md,MODIFIED,21eade326a09a3dd037efb703674729e5fd74f3ba814659f300edaf62f15ceff,35f1836ab155cb10e6f8ddc96cc2d9565900e80347924e0d278fbc353b4fea35,1570,
CITATION.cff,MODIFIED,654b853b0bea46c4e772133161ccc7a70dd8d9c15a1c111adaaf795b97b04d26,bae237fbf36f12b7a2912f698822c60ddfa514999371cbcfe211285d4558b7ca,252,
CONTRIBUTING.md,UNCHANGED,5e6b26610f6242bdea60aa541080b45d1387d32aed2b8edff50e76ed34364172,5e6b26610f6242bdea60aa541080b45d1387d32aed2b8edff50e76ed34364172,1486,
LICENSE,UNCHANGED,1ae12f8abc7be1b1fbdce2fb18c7b4b20e77e1c386a6be430a788e4c7605978f,1ae12f8abc7be1b1fbdce2fb18c7b4b20e77e1c386a6be430a788e4c7605978f,1082,
MANIFEST.in,MODIFIED,c0f3f5d9f6b5500eb0f997c4fd878030cf303c309559af9dce53e4797e8830f1,b35dca23ff825e5899110f72320d4ab19120728e79958821deaaeb15446446e2,472,
OPEN_CHAMPION_WINDOWS.bat,ADDED,,1f95202a99640174e1d02296b952876e9deff2f39d9bdf43916d37431b30c2b7,193,
README.md,MODIFIED,388b8f6d4c5e0aed656cac9bf293f86da11389d743d2068bf0dec7637a1ec28b,ba6b3c89f20c8e589f37780a137b74a1204612d70a7a59a38f37b021ec5fec5d,8202,
README_RESEARCH.md,ADDED,,388b8f6d4c5e0aed656cac9bf293f86da11389d743d2068bf0dec7637a1ec28b,10086,
START_HERE.txt,ADDED,,b9488c534ef0b9273305037c7e948eba989fd52d09b22be7f89ca77952dc31ef,1107,
START_PYTHON_WINDOWS.bat,ADDED,,e776bb7caeb3fa4441f1bb9d9403b021c60690d38e0735a3c619aade2022f2c0,1204,
ZephyrTrade-Champion.html,ADDED,,7134e91c9f55284e63a78541a3089214a02ebcb4b5bd115afcfd08f726f21c0c,1580356,Generated web snapshot
artifacts/phase2/cluster_selection.csv,UNCHANGED,92ca2f7e46e1e3eaa3e11b8aa3547b7e8f94823088201bb98b4a60837669edf5,92ca2f7e46e1e3eaa3e11b8aa3547b7e8f94823088201bb98b4a60837669edf5,234,
artifacts/phase2/coefficient_analysis.csv,UNCHANGED,97c39f10608b043bac66ca9ba4bb054ff8a0e3f04c9edcc054fa154d408a6bb9,97c39f10608b043bac66ca9ba4bb054ff8a0e3f04c9edcc054fa154d408a6bb9,21836,
artifacts/phase2/prediction_metrics.csv,UNCHANGED,bf57c47b07f92c253df0ff26a2794e986b1317bf91856c7c7240f2bfbc47ff6f,bf57c47b07f92c253df0ff26a2794e986b1317bf91856c7c7240f2bfbc47ff6f,688,
artifacts/phase2/regularization_path.csv,UNCHANGED,8f0647fb7487af212ef77837573b948c11890af26fa713678ad97bfd55552f33,8f0647fb7487af212ef77837573b948c11890af26fa713678ad97bfd55552f33,2132,
artifacts/phase2/revenue_metrics.csv,UNCHANGED,652bea19a2998b8ec9553cfc4884862bd453a9b7435d9ee1b872455dd412452d,652bea19a2998b8ec9553cfc4884862bd453a9b7435d9ee1b872455dd412452d,1497,
artifacts/phase2/summary.json,UNCHANGED,1f9d85ba217671447597457fc1147f534763e3393dd6e1d1615b490995b58f6d,1f9d85ba217671447597457fc1147f534763e3393dd6e1d1615b490995b58f6d,10218,
artifacts/phase2/test_predictions.csv.gz,UNCHANGED,082476e06d676874f92332b1347393f5eb5f35bb64f19750362f506050a4ae72,082476e06d676874f92332b1347393f5eb5f35bb64f19750362f506050a4ae72,865157,
artifacts/phase3/classification_selection.csv,UNCHANGED,f38be9aebe28674d84304e1a4ae2826762b7f772a3155b8e0522de8fc8af2aa8,f38be9aebe28674d84304e1a4ae2826762b7f772a3155b8e0522de8fc8af2aa8,7901,
artifacts/phase3/regression_selection.csv,UNCHANGED,f6989d1a07789178dc632120b892d692f91d4a4204da4a447bcee930a7849a2b,f6989d1a07789178dc632120b892d692f91d4a4204da4a447bcee930a7849a2b,2921,
artifacts/phase3/strategy_comparison.csv,UNCHANGED,af374c8146f543c566189146cdd8880d7fcb0cf658bef61bf6273e583ff16047,af374c8146f543c566189146cdd8880d7fcb0cf658bef61bf6273e583ff16047,1210,
artifacts/phase3/summary.json,UNCHANGED,a80ebaf776be8246c89d46e21b40921aa3bcfd05b667bf58083fb2dd44c76aa6,a80ebaf776be8246c89d46e21b40921aa3bcfd05b667bf58083fb2dd44c76aa6,6240,
artifacts/phase3/test_direct_predictions.csv.gz,UNCHANGED,eff44a8cc642b8f3f2fcf542c42d28b81ed3540b7a03ca71e7327669f87afd5c,eff44a8cc642b8f3f2fcf542c42d28b81ed3540b7a03ca71e7327669f87afd5c,483575,
artifacts/reproduction/figures/phase2_cluster_selection.png,UNCHANGED,66836ebcaaca28cb49c1cc574228ba451ca51c9273809ed85ba38ffdd76e24ce,66836ebcaaca28cb49c1cc574228ba451ca51c9273809ed85ba38ffdd76e24ce,67049,
artifacts/reproduction/figures/phase2_forecast_rmse.png,UNCHANGED,72a93ed0069c4078d0f2540cb45cc67697136210450968b79fccd1bc8d333592,72a93ed0069c4078d0f2540cb45cc67697136210450968b79fccd1bc8d333592,48359,
artifacts/reproduction/figures/phase2_regularized_coefficients.png,UNCHANGED,a2c6691fdbd2d54f288a503a10cc2acfe2e34de7f2d4402230b711a6970d1237,a2c6691fdbd2d54f288a503a10cc2acfe2e34de7f2d4402230b711a6970d1237,106489,
artifacts/reproduction/figures/phase2_revenue_regret.png,UNCHANGED,8f6c2c56bd41b6d1bb63eb0f11b4ed6a5170c6aa38fbcda7c9a0402f7e8cd7a1,8f6c2c56bd41b6d1bb63eb0f11b4ed6a5170c6aa38fbcda7c9a0402f7e8cd7a1,49673,
artifacts/reproduction/figures/phase3_confusion_matrix.png,UNCHANGED,80c9307196a04e02465d09edc211d2283508e56779c1c9cfa8e7b937d503d103,80c9307196a04e02465d09edc211d2283508e56779c1c9cfa8e7b937d503d103,81454,
artifacts/reproduction/figures/phase3_cumulative_revenue_delta.png,UNCHANGED,fa92e20659b9b4a90421448012cf70ab99c0c756749807b8ce320252746f07b6,fa92e20659b9b4a90421448012cf70ab99c0c756749807b8ce320252746f07b6,95614,
artifacts/reproduction/figures/phase3_offer_timeseries.png,UNCHANGED,fd30507ad3f706cda5f3e75404f25351fc0cf6e2862aa426fb6ecbc8045d076e,fd30507ad3f706cda5f3e75404f25351fc0cf6e2862aa426fb6ecbc8045d076e,212429,
artifacts/reproduction/figures/phase3_strategy_revenue_regret.png,UNCHANGED,e29b98484bdf263a7abf65a869d28afc47e8b91e43008d9a68f9d5578a7aab04,e29b98484bdf263a7abf65a869d28afc47e8b91e43008d9a68f9d5578a7aab04,40421,
artifacts/reproduction/processed/feature_schema.json,UNCHANGED,ab7fd1cf67f1577e6f1fdd2628f7fcb018a761cc5c274e604f312a5d0b49e4aa,ab7fd1cf67f1577e6f1fdd2628f7fcb018a761cc5c274e604f312a5d0b49e4aa,4235,
artifacts/reproduction/processed/features_unscaled.csv.gz,UNCHANGED,a08115c739bc65225c308027fbc7ab32195223b710d73981055845fe57b12a5f,a08115c739bc65225c308027fbc7ab32195223b710d73981055845fe57b12a5f,3557391,
artifacts/reproduction/processed/standard_scaler.joblib,UNCHANGED,8ff8ea9271cca5001fb6992485b0a4bfac31c2212b0ad6dc6258fcbb685072f2,8ff8ea9271cca5001fb6992485b0a4bfac31c2212b0ad6dc6258fcbb685072f2,1471,
artifacts/reproduction/processed/test_scaled.csv.gz,UNCHANGED,b764098ee40ef09f7945b4d349ee75ca5ab74b0b9857635c5f586fd2a392d5db,b764098ee40ef09f7945b4d349ee75ca5ab74b0b9857635c5f586fd2a392d5db,560308,
artifacts/reproduction/processed/train_scaled.csv.gz,UNCHANGED,3eeb35e8342181cbc32163f34e576c2eb6254dcaa48e392f0122bbcb4048e253,3eeb35e8342181cbc32163f34e576c2eb6254dcaa48e392f0122bbcb4048e253,2614787,
artifacts/reproduction/processed/validation_scaled.csv.gz,UNCHANGED,c59238179e15af9ecad135a0165fe298d15397c56acbba9b698408a5ca38659f,c59238179e15af9ecad135a0165fe298d15397c56acbba9b698408a5ca38659f,561332,
artifacts/reproduction/raw/climate.csv.gz,UNCHANGED,f7ee24f458a6ffc11143f4c048a9a52f3981c67feeecb94aa102726f598ee8a8,f7ee24f458a6ffc11143f4c048a9a52f3981c67feeecb94aa102726f598ee8a8,6153574,
artifacts/reproduction/raw/farm_metadata.csv,UNCHANGED,140470ed860d2ceef503e4123959873c90a999a8ca5c8bda3471f7646375dd00,140470ed860d2ceef503e4123959873c90a999a8ca5c8bda3471f7646375dd00,367,
artifacts/reproduction/raw/market_prices.csv.gz,UNCHANGED,ace6ad28cb7a75b6ae1ab2587ae41c377d84d4a946dff52be5512150e129ffa6,ace6ad28cb7a75b6ae1ab2587ae41c377d84d4a946dff52be5512150e129ffa6,813298,
artifacts/reproduction/raw/provenance.json,UNCHANGED,0b5a4e86681e83905d0de18fffe56d70b8f85fb930b17d10165d4d484f385b8b,0b5a4e86681e83905d0de18fffe56d70b8f85fb930b17d10165d4d484f385b8b,1297,
artifacts/reproduction/raw/wind_power.csv.gz,UNCHANGED,51e76755e6af9141a60026e854f5795a08a6c97d69542b69f01b5054514ce9ec,51e76755e6af9141a60026e854f5795a08a6c97d69542b69f01b5054514ce9ec,1378987,
artifacts/reproduction/results/phase2/cluster_selection.csv,UNCHANGED,92ca2f7e46e1e3eaa3e11b8aa3547b7e8f94823088201bb98b4a60837669edf5,92ca2f7e46e1e3eaa3e11b8aa3547b7e8f94823088201bb98b4a60837669edf5,234,
artifacts/reproduction/results/phase2/coefficient_analysis.csv,UNCHANGED,97c39f10608b043bac66ca9ba4bb054ff8a0e3f04c9edcc054fa154d408a6bb9,97c39f10608b043bac66ca9ba4bb054ff8a0e3f04c9edcc054fa154d408a6bb9,21836,
artifacts/reproduction/results/phase2/prediction_metrics.csv,UNCHANGED,bf57c47b07f92c253df0ff26a2794e986b1317bf91856c7c7240f2bfbc47ff6f,bf57c47b07f92c253df0ff26a2794e986b1317bf91856c7c7240f2bfbc47ff6f,688,
artifacts/reproduction/results/phase2/regularization_path.csv,UNCHANGED,8f0647fb7487af212ef77837573b948c11890af26fa713678ad97bfd55552f33,8f0647fb7487af212ef77837573b948c11890af26fa713678ad97bfd55552f33,2132,
artifacts/reproduction/results/phase2/revenue_metrics.csv,UNCHANGED,652bea19a2998b8ec9553cfc4884862bd453a9b7435d9ee1b872455dd412452d,652bea19a2998b8ec9553cfc4884862bd453a9b7435d9ee1b872455dd412452d,1497,
artifacts/reproduction/results/phase2/summary.json,UNCHANGED,2bcc36c2db46087e84c8a09540d12889a069d8e14e5ea24d7796f557b45e4821,2bcc36c2db46087e84c8a09540d12889a069d8e14e5ea24d7796f557b45e4821,10355,
artifacts/reproduction/results/phase2/test_predictions.csv.gz,UNCHANGED,f074a621cd1f0082db733c3c89846a2681c339a42e9ecbe4e00336fd25fd9830,f074a621cd1f0082db733c3c89846a2681c339a42e9ecbe4e00336fd25fd9830,865157,
artifacts/reproduction/results/phase3/classification_selection.csv,UNCHANGED,f38be9aebe28674d84304e1a4ae2826762b7f772a3155b8e0522de8fc8af2aa8,f38be9aebe28674d84304e1a4ae2826762b7f772a3155b8e0522de8fc8af2aa8,7901,
artifacts/reproduction/results/phase3/regression_selection.csv,UNCHANGED,f6989d1a07789178dc632120b892d692f91d4a4204da4a447bcee930a7849a2b,f6989d1a07789178dc632120b892d692f91d4a4204da4a447bcee930a7849a2b,2921,
artifacts/reproduction/results/phase3/strategy_comparison.csv,UNCHANGED,af374c8146f543c566189146cdd8880d7fcb0cf658bef61bf6273e583ff16047,af374c8146f543c566189146cdd8880d7fcb0cf658bef61bf6273e583ff16047,1210,
artifacts/reproduction/results/phase3/summary.json,UNCHANGED,704aa050db594e705ab0c2d28f8b4a364a89182170ff8031d0cc43a374a9416c,704aa050db594e705ab0c2d28f8b4a364a89182170ff8031d0cc43a374a9416c,6400,
artifacts/reproduction/results/phase3/test_direct_predictions.csv.gz,UNCHANGED,2e0f1bec05a5fd5c0e805157500d6c2832e5a6d9d59298c681ee76e7a06a0a2d,2e0f1bec05a5fd5c0e805157500d6c2832e5a6d9d59298c681ee76e7a06a0a2d,483575,
artifacts/reproduction/results/run_manifest.json,UNCHANGED,45fb649bdf53b13571bdfce0136754325757df69a1dcfca306ec26fd5413c01f,45fb649bdf53b13571bdfce0136754325757df69a1dcfca306ec26fd5413c01f,4258,
data/processed/.gitkeep,UNCHANGED,01ba4719c80b6fe911b091a7c05124b64eeece964e09c058ef8f9805daca546b,01ba4719c80b6fe911b091a7c05124b64eeece964e09c058ef8f9805daca546b,1,
data/processed/feature_schema.json,UNCHANGED,ab7fd1cf67f1577e6f1fdd2628f7fcb018a761cc5c274e604f312a5d0b49e4aa,ab7fd1cf67f1577e6f1fdd2628f7fcb018a761cc5c274e604f312a5d0b49e4aa,4235,
data/processed/features_unscaled.csv.gz,UNCHANGED,4169376a954ff6aa2c52f97890c3c1b75b24c92c5dd7b72e61949b53712cb129,4169376a954ff6aa2c52f97890c3c1b75b24c92c5dd7b72e61949b53712cb129,3557391,
data/processed/standard_scaler.joblib,UNCHANGED,8ff8ea9271cca5001fb6992485b0a4bfac31c2212b0ad6dc6258fcbb685072f2,8ff8ea9271cca5001fb6992485b0a4bfac31c2212b0ad6dc6258fcbb685072f2,1471,
data/processed/test_scaled.csv.gz,UNCHANGED,3f8f9631c7539fa0464cd607a608952319cabb1731486b381827bc86ca81cf90,3f8f9631c7539fa0464cd607a608952319cabb1731486b381827bc86ca81cf90,560308,
data/processed/train_scaled.csv.gz,UNCHANGED,44edf6e754649a366b359916f1671106f93251f86dfe0ea2a716f4d54ce04d87,44edf6e754649a366b359916f1671106f93251f86dfe0ea2a716f4d54ce04d87,2614787,
data/processed/validation_scaled.csv.gz,UNCHANGED,529d58ffc06229e0b77317cb96e205d94410808a18d5bc02646924594fa9bd30,529d58ffc06229e0b77317cb96e205d94410808a18d5bc02646924594fa9bd30,561332,
data/raw/.gitkeep,UNCHANGED,01ba4719c80b6fe911b091a7c05124b64eeece964e09c058ef8f9805daca546b,01ba4719c80b6fe911b091a7c05124b64eeece964e09c058ef8f9805daca546b,1,
data/raw/climate.csv.gz,UNCHANGED,a18a46a834cd1879b820ddb764da01efbe40df6241639998419646c34342d215,a18a46a834cd1879b820ddb764da01efbe40df6241639998419646c34342d215,6153574,
data/raw/farm_metadata.csv,UNCHANGED,140470ed860d2ceef503e4123959873c90a999a8ca5c8bda3471f7646375dd00,140470ed860d2ceef503e4123959873c90a999a8ca5c8bda3471f7646375dd00,367,
data/raw/market_prices.csv.gz,UNCHANGED,63de6b530933752bd4bccb86e73177dea367c571b0ba255a8d5d0f1a95ffb772,63de6b530933752bd4bccb86e73177dea367c571b0ba255a8d5d0f1a95ffb772,813298,
data/raw/provenance.json,UNCHANGED,a14e49835ee502ccbaf7ea4a4d91493a65787c33a2a6ba5b73772a598f4e72d7,a14e49835ee502ccbaf7ea4a4d91493a65787c33a2a6ba5b73772a598f4e72d7,1278,
data/raw/wind_power.csv.gz,UNCHANGED,468535a14e173b1b46f0234335deb1083c16ea46465ce14bbbc76a5f71ace920,468535a14e173b1b46f0234335deb1083c16ea46465ce14bbbc76a5f71ace920,1378987,
dist/zephyrtrade-1.1.0-py3-none-any.whl,ADDED,,8d59d05b71c7c69ac34084f738495ef4b8be414833367784eb41b1f24515773e,723317,
docs/champion/AUDIT_AND_RELEASE.md,ADDED,,36bd810ee8e678fc473b896afcf7f4bcb9ed9b5e84f7335857daa643636a4327,24271,
docs/champion/BASELINE_RESULTS.csv,ADDED,,4b592d964c1cd3ce83ec14d9b457cf3434e9640c4daa577af66e0617bc1e09c0,9880,
docs/champion/EVIDENCE_LOG.md,ADDED,,f8c04fa99f8689729b58efc3da09d330989d2f8dec2e21a93d6ae02a26026479,3472,
docs/champion/ISSUE_REGISTER.csv,ADDED,,e70162cb808ac43d0aa9ce63a057331fc48ed456dc26f08b27223c82170acb7b,8842,
docs/champion/UAT_AND_RELEASE_CHECKLIST.md,ADDED,,9e3ff7e96b5bd4f5a690e2c1e56cb01a6d34036e495637a73e66df5fc2dfed7f,4970,
docs/champion/evidence/api-and-core-corrected.log,ADDED,,4d5549c69ed483db4b1d9bc220bd466f5adc1e2f145b62b26f0a7f5b1c210c75,179,
docs/champion/evidence/api-and-core-first.log,ADDED,,7dde1eed5f33efe0aaa68f32d26c0fbd1aaaf27e6183569d16b2a5aa5fd47ac7,1481,
docs/champion/evidence/baseline-tests.log,ADDED,,66a96d7a59cea2fd4aacb219f3fea40556434213533f808a327b3501163f02e9,99,
docs/champion/evidence/browser-checks.json,ADDED,,f7bb1a699286c8fbedd973350a62d4c2ba6c7a3556b69e9da6dfabd4454da8d8,4060,
docs/champion/evidence/browser-engine-first.log,ADDED,,5caa47c389d015117be87c30dd1520166afc32741dbe842860f83f51d6488553,2281,
docs/champion/evidence/browser-final-screenshots.log,ADDED,,20d689ee66a4c69545fcdcc6be5835879d4b644558867065be9ce62436564ae4,4061,
docs/champion/evidence/browser-final.log,ADDED,,6cd0dc2a3e6c876e2cb05edbe8bef8d414021eb6eb083d119a5f715e41cda508,4061,
docs/champion/evidence/browser-first-pass.log,ADDED,,2429781ca10516209abc3b695c9605ec637df81be9182410904e8871bffaf266,1859,
docs/champion/evidence/browser-functional-first.log,ADDED,,093ce058b3f12e1dcb5dd6acf24f796bb2ce7a0bffa68ccd9044208afb2b8ac0,1575,
docs/champion/evidence/browser-functional-harness-corrected.log,ADDED,,407dfdff690a826aef66b554e71655b866f6febf7d0cac2845d98018ca0a81e5,2166,
docs/champion/evidence/browser-functional-mobile-repaired.log,ADDED,,694f607df6e8cdc866fa9ef756d0c7969cd118e742dcc702aa74c4233f857cc1,4061,
docs/champion/evidence/browser-render-pass.log,ADDED,,6fb8a723cb357c52539402a5fa0de6c5add6cd19d44579fff26a692cc30606c1,5287,
docs/champion/evidence/commands.jsonl,ADDED,,3cbe9770d9a32d713e931fa7a10fec5d7ff77bbba43929d7fafb3ad955aabe49,9615,
docs/champion/evidence/core-after.log,ADDED,,d40053b8069d875daec559d635d6e95f0564a11477fa17f897ca4b953e243564,99,
docs/champion/evidence/engine-parity.log,ADDED,,bf00ec2d630725b8a6dcb93669af3af79b1d96bf5f0bf383b1ff8530e3c48864,214,
docs/champion/evidence/hosted-smoke.log,ADDED,,34fd0fc6d094c9c5672185b12145c59a4a0993ad1687975d40f5b7f2f3f078e3,1769,
docs/champion/evidence/javascript-final-tests.log,ADDED,,80a2a9c76b431a0440133df857f9b8f2a222383d7b578ab44a3d51d654525a10,2502,
docs/champion/evidence/javascript-syntax.log,ADDED,,e3b0c44298fc1c149afbf4c8996fb92427ae41e4649b934ca495991b7852b855,0,
docs/champion/evidence/parity-final.log,ADDED,,bf00ec2d630725b8a6dcb93669af3af79b1d96bf5f0bf383b1ff8530e3c48864,214,
docs/champion/evidence/pipeline-default-timeout.log,ADDED,,1a14eadfc5c9a0a2c175a698d8835b406ab9209eecf325a175ec2ceade89736b,407,
docs/champion/evidence/pipeline-smoke-interrupted.log,ADDED,,7c101d7fa6323cfe059428462a3c857cf1bc9962aa7c7a6b91439bc0a92e45b4,277,
docs/champion/evidence/python-compile.log,ADDED,,e3b0c44298fc1c149afbf4c8996fb92427ae41e4649b934ca495991b7852b855,0,
docs/champion/evidence/python-final-tests.log,ADDED,,14ea8cb5b3b6a201a9841de3bbd47df93ae3490b5677208a1c2540cb77b0c715,179,
docs/champion/evidence/reduced-training-smoke.log,ADDED,,c8300c19df1b112903dc25e772ff1a112e474e33f7d9244b91789ce813503beb,8382,
docs/champion/evidence/regression-baseline-refined.log,ADDED,,2ddc5d93632060cf5358c3205a5de58a91f11e23a509722e3fe0331efb48ba48,5391,
docs/champion/evidence/regression-before.log,ADDED,,2588a9dc54b6b971a5b3fec32aa604abdc66e9c1202ad229fb5ed167a14c25a0,28548,
docs/champion/evidence/ruff-unavailable.log,ADDED,,8e82477b3db03a444d99ee30e62c4f5e7cf9fa472ea2b12ab858bf1d603fca2e,45,
docs/champion/evidence/screenshots/model-arena-desktop.png,ADDED,,c204b7d03d097f147b5c981a254305672392703c2dcc7b68fbdf0e3193df4b97,214127,
docs/champion/evidence/screenshots/overview-desktop.png,ADDED,,4e5cafe695d65701ac70f9e6eafb29eadd0d97e9cd3acd6f733e347f23d6e3e0,285797,
docs/champion/evidence/screenshots/overview-light.png,ADDED,,0208771d9a46fba81c6567c695800ce4b674920ac23e4f4dabebeef58fa9108a,286281,
docs/champion/evidence/screenshots/overview-mobile.png,ADDED,,c8151ee06dd79263a332a883831ef853e1eda2738a24fc96d93e9d5eb4f3e297,181038,
docs/champion/evidence/screenshots/strategy-lab-desktop.png,ADDED,,d73389cf4c3e7a107704af6ca71a063be19273d715f1f8f721fc6539c7cd4ba7,212045,
docs/champion/evidence/screenshots/strategy-lab-mobile.png,ADDED,,41be4a36b96ebfd16a6e4b499bf91b4fc5f3d185837937e68e605225e1745508,162708,
docs/champion/evidence/shell-launcher-syntax.log,ADDED,,e3b0c44298fc1c149afbf4c8996fb92427ae41e4649b934ca495991b7852b855,0,
docs/champion/evidence/snapshot-build-v2.log,ADDED,,aad6016fa179df42af9709966551ba52986d0cf1556383a336794a40f20f9881,315,
docs/champion/evidence/snapshot-build-v3.log,ADDED,,aad6016fa179df42af9709966551ba52986d0cf1556383a336794a40f20f9881,315,
docs/champion/evidence/snapshot-build-v4.log,ADDED,,aad6016fa179df42af9709966551ba52986d0cf1556383a336794a40f20f9881,315,
docs/champion/evidence/snapshot-build.log,ADDED,,aad6016fa179df42af9709966551ba52986d0cf1556383a336794a40f20f9881,315,
docs/champion/evidence/snapshot-final-build.log,ADDED,,aad6016fa179df42af9709966551ba52986d0cf1556383a336794a40f20f9881,315,
docs/champion/evidence/snapshot-verification.json,ADDED,,4970592e08aa31e77346f02efdadb8e66609afe8966fcee9c3c078b608d07169,623,
docs/champion/evidence/source-manifest.json,ADDED,,7eab0babac90041126c7dd6f4780e42c511d3caaa66f6e2b2f593fc777ff6067,17095,
docs/champion/evidence/source-preservation.json,ADDED,,9a90d9c14f1c3f95fd27a938215f24016f2f43dcb842fdd9790f942712270714,129,
docs/champion/evidence/tool-install.log,ADDED,,991b9b4e70ff13bedf48cf52f7850c8b4d32b42c133d843dc79c1bd885f73037,1990,
docs/champion/evidence/tools/run_check.py,ADDED,,6829dc6afbab74086045b54b1771456d49d855772d035ce5436e4a06350b93bc,824,
docs/champion/evidence/tools/verify_wheel_install.py,ADDED,,c743714886db7735952268b986ff57758437fa61ddcaa628597d35bca0bda631,2962,
docs/champion/evidence/wheel-build.log,ADDED,,d9b938ace20f83e92aca90f4d487ad43987763d39ab749048433d35c71812e46,5256,
docs/champion/evidence/wheel-final-build.log,ADDED,,3ebb688a94056bcbd9259404483141dba5fb30a85558219ca143bca324d22d2f,5022,
docs/champion/evidence/wheel-final-install-smoke.log,ADDED,,e8b326e770444a4d0a3ba8a72a1b20218fcbc4b814419a56f267b9da0a634573,1103,
docs/champion/source-changes.patch,ADDED,,9c771133287f15b0553a891cd284f3fdad175605ed44a176175332b1e8ebb36f,172993,
docs/figures/phase2_cluster_selection.png,UNCHANGED,66836ebcaaca28cb49c1cc574228ba451ca51c9273809ed85ba38ffdd76e24ce,66836ebcaaca28cb49c1cc574228ba451ca51c9273809ed85ba38ffdd76e24ce,67049,
docs/figures/phase2_forecast_rmse.png,UNCHANGED,72a93ed0069c4078d0f2540cb45cc67697136210450968b79fccd1bc8d333592,72a93ed0069c4078d0f2540cb45cc67697136210450968b79fccd1bc8d333592,48359,
docs/figures/phase2_regularized_coefficients.png,UNCHANGED,a2c6691fdbd2d54f288a503a10cc2acfe2e34de7f2d4402230b711a6970d1237,a2c6691fdbd2d54f288a503a10cc2acfe2e34de7f2d4402230b711a6970d1237,106489,
docs/figures/phase2_revenue_regret.png,UNCHANGED,8f6c2c56bd41b6d1bb63eb0f11b4ed6a5170c6aa38fbcda7c9a0402f7e8cd7a1,8f6c2c56bd41b6d1bb63eb0f11b4ed6a5170c6aa38fbcda7c9a0402f7e8cd7a1,49673,
docs/figures/phase3_confusion_matrix.png,UNCHANGED,80c9307196a04e02465d09edc211d2283508e56779c1c9cfa8e7b937d503d103,80c9307196a04e02465d09edc211d2283508e56779c1c9cfa8e7b937d503d103,81454,
docs/figures/phase3_cumulative_revenue_delta.png,UNCHANGED,fa92e20659b9b4a90421448012cf70ab99c0c756749807b8ce320252746f07b6,fa92e20659b9b4a90421448012cf70ab99c0c756749807b8ce320252746f07b6,95614,
docs/figures/phase3_offer_timeseries.png,UNCHANGED,fd30507ad3f706cda5f3e75404f25351fc0cf6e2862aa426fb6ecbc8045d076e,fd30507ad3f706cda5f3e75404f25351fc0cf6e2862aa426fb6ecbc8045d076e,212429,
docs/figures/phase3_strategy_revenue_regret.png,UNCHANGED,e29b98484bdf263a7abf65a869d28afc47e8b91e43008d9a68f9d5578a7aab04,e29b98484bdf263a7abf65a869d28afc47e8b91e43008d9a68f9d5578a7aab04,40421,
docs/report.md,UNCHANGED,f269f7797838f18a84999b7c0fbf1cc2518969318bf8b67fc360bc8c1b894d25,f269f7797838f18a84999b7c0fbf1cc2518969318bf8b67fc360bc8c1b894d25,53284,
examples/balanced-hour.json,ADDED,,8ebc461c54623632f8c8f49d61f20efec5400702dd3c06a54a5d0ba8ccebe1ce,363,
examples/quarter-hour.json,ADDED,,9667dc79bdd4349df939e294163bcf7b7c01f9f8a01c11d24e9f33831d66a81a,367,
examples/shortfall-sensitive.json,ADDED,,3cb9aa4d79dcb81fc2c06dcdd13fc4edf7074e584694f730fd77fa87b5a9ab57,364,
pyproject.toml,MODIFIED,30c1946c3732e3a349803300e3d2437db85dcf9b3dd52a05f15ce54e03df8e54,bbfe72b734eb8373efbb30c853ad3c24bf2ed129d4101c1f0138d03f043ae336,1611,
requirements-tested.txt,ADDED,,a1cfbd228592e1e1afb3107adcf18ea0c64b5c270f7787ad379b080a145aeb07,188,
requirements.txt,UNCHANGED,abf6bf1840c6a99af87e2ae4e382afa5f84ce59e5ea2c422d34d0e18f3107c53,abf6bf1840c6a99af87e2ae4e382afa5f84ce59e5ea2c422d34d0e18f3107c53,63,
scripts/build_app.py,ADDED,,2371a0c5a6380fab2cedb0323a7bd57ade1092002bf224c852cc08fa83a5755b,7279,
scripts/check_browser.py,ADDED,,4a338debffb95a1f65ea91a8ea0d7094499c3da42e66c950ba8961f792d24fc4,14970,
scripts/smoke_research.py,ADDED,,7ada5104007e657ee060cf63bb01e6e48e65da6c9422390ab95fbf4748064d66,1955,
scripts/verify_engines.py,ADDED,,7c5504e4aa8c07adf3aa598263ad98aefd7ea8af66aebf704bcfbe89d210e87f,1843,
src/zephyrtrade.egg-info/PKG-INFO,EXCLUDED,196c20915782fc30901f8cce67b96563d47ff2a035e02ac5f352eae8c69b1aa1,,,Not present in candidate; inspect scope.
src/zephyrtrade.egg-info/SOURCES.txt,EXCLUDED,c1535afe0d13650b7c9d9b75722be3dd86724f0c8e80451713b8ba4e703d145b,,,Not present in candidate; inspect scope.
src/zephyrtrade.egg-info/dependency_links.txt,EXCLUDED,01ba4719c80b6fe911b091a7c05124b64eeece964e09c058ef8f9805daca546b,,,Not present in candidate; inspect scope.
src/zephyrtrade.egg-info/entry_points.txt,EXCLUDED,b666b1100fba2704cffb079312c7bd697b33b1987af4511740867fafda5ca51b,,,Not present in candidate; inspect scope.
src/zephyrtrade.egg-info/requires.txt,EXCLUDED,f156779b22187011868d52ae0895dd5c47519e1f3d3aa57e6569c03e55148657,,,Not present in candidate; inspect scope.
src/zephyrtrade.egg-info/top_level.txt,EXCLUDED,da0c4885f8264eeac4ddb3b6fc3ea3b3d1f631abbdf2a2a343a9a7dff5a67317,,,Not present in candidate; inspect scope.
src/zephyrtrade/__init__.py,MODIFIED,e842e60e46638027fb46f21ad78d0291d849c3db1a7a415a250f8c4ad939143b,c5c59ac19457bf143671f80b22d2d4f0c42ed9ac0ea5dda95ef173cac11a2839,95,
src/zephyrtrade/app.py,ADDED,,6f6954f8850d1ca4dcf5f91415150cac56d72b3949a9223c8fbfd698db583674,12291,
src/zephyrtrade/data_loader.py,UNCHANGED,a27f47536c276190d5fa9838a1f6886871aee622a295571da1a081a2f4604728,a27f47536c276190d5fa9838a1f6886871aee622a295571da1a081a2f4604728,18138,
src/zephyrtrade/direct.py,MODIFIED,b8fdc3da220330b8ddc7f36dc24019da7fac95cade2500d4932a8842fc7ffa00,4d00b47553736de9f9fa38bf205556bfa8322301ff10c3da695e8bccaa316b5b,5811,
src/zephyrtrade/evaluate.py,MODIFIED,ac4dbfae03d4cfe42a8b8edf4dfb38360f68457cabbfb6a1792cc15da7d2ed1f,0c245bba442d6969e701fc779576a01e0f5ceaa87fead0963189c412f926e40b,4431,
src/zephyrtrade/models.py,UNCHANGED,8a2892b9d012508ac0ad1ee45cc8d0358a1843d1019cb2ce59e42b919b3a857f,8a2892b9d012508ac0ad1ee45cc8d0358a1843d1019cb2ce59e42b919b3a857f,11810,
src/zephyrtrade/optimize.py,MODIFIED,d4bf0ac7ccf80aa7a3ce9bd3c4239e2086da16d28a28063bf9621708dc8c67f3,3d35fe4b37112ca4584bc39574326b57eb36b658ac2f616f96ef8b7bafee4998,10092,
src/zephyrtrade/phase2.py,UNCHANGED,3ee759aae477b73b7989ce188ee1c0d8db066e95cedc5b19a75f05b37b995e64,3ee759aae477b73b7989ce188ee1c0d8db066e95cedc5b19a75f05b37b995e64,27081,
src/zephyrtrade/phase3.py,UNCHANGED,fa15864b665c4b14b5c6328b6fcf681857a5308ec4ea0dfaeb9c891f447bf62e,fa15864b665c4b14b5c6328b6fcf681857a5308ec4ea0dfaeb9c891f447bf62e,26865,
src/zephyrtrade/pipeline.py,UNCHANGED,ab79942d841e7240c095af9852e153909e3d84720498812f2b86da9d146ee827,ab79942d841e7240c095af9852e153909e3d84720498812f2b86da9d146ee827,7062,
src/zephyrtrade/preprocessing.py,UNCHANGED,00d5c63d57b244ada2399be49ab214e6530067af229365eca7c97ba9af0544b7,00d5c63d57b244ada2399be49ab214e6530067af229365eca7c97ba9af0544b7,14067,
src/zephyrtrade/web/app.js,ADDED,,277b658ca1b1843b525f6261d6316b98380e85ab8245df9b589c303feae82820,49552,
src/zephyrtrade/web/engine.js,ADDED,,d8f1b79dc0ce6d71a487b90d5a82aec9ee2b1f1fa7cbcd0a6e8eb973c14937e4,5296,
src/zephyrtrade/web/index.html,ADDED,,407e0c1791dcef0fc11ac400c07e25efa252af01fc5162c119ea42b86a5022a1,7648,
src/zephyrtrade/web/snapshot.js,ADDED,,4affeca05ff3f01a7fb2e938b78b584d4bba762b30a5ac703db10b92d6cbbc2b,1492300,Generated web snapshot
src/zephyrtrade/web/styles.css,ADDED,,306246a450b5c4157a5121335a3f96d17929a6c856c4559064d13001eb0811b0,25643,
start-python.sh,ADDED,,79b442d04aea3182f6f12c110541d3afa0fee19f57a3ebe20772bf5a2e042df0,440,
tests/browser/engine.test.cjs,ADDED,,26fca5dfe733e550f544fa05906438658ac2bd7cac3a1e581311f0e6fd281873,3202,
tests/test_app.py,ADDED,,61d5a0afdeb7011006c6a4380a55197436c94c14ca890e65e99bdd7a709af103,5188,
tests/test_data_loader.py,UNCHANGED,5ae3b38cb8ab0c926659165c79091ef2244794ee45677377e6faa286a7d5cbf7,5ae3b38cb8ab0c926659165c79091ef2244794ee45677377e6faa286a7d5cbf7,1884,
tests/test_direct.py,UNCHANGED,370c76bb1886af20cc174a2fa576b539fdedebc9e10635c39fc900c84ff2a44f,370c76bb1886af20cc174a2fa576b539fdedebc9e10635c39fc900c84ff2a44f,2369,
tests/test_evaluate.py,UNCHANGED,7278eeb950ce1461a3862cbcd7fe64603aa528b605c4502c67d3d99c5895e846,7278eeb950ce1461a3862cbcd7fe64603aa528b605c4502c67d3d99c5895e846,1804,
tests/test_models.py,UNCHANGED,90d62f780896395d98490d09785f27d40066d7744ca8fefbac8a42b53917df80,90d62f780896395d98490d09785f27d40066d7744ca8fefbac8a42b53917df80,2267,
tests/test_optimize.py,UNCHANGED,0f9cc544a3a5e10f6bec3d07a655418ffd166a3cd3bb4808fc55eb85835e3f0e,0f9cc544a3a5e10f6bec3d07a655418ffd166a3cd3bb4808fc55eb85835e3f0e,3527,
tests/test_pipeline.py,UNCHANGED,f0fe9115f1c1356eb29ceba9eb7006e784a2a955493d3d7db0ddd61e96c55762,f0fe9115f1c1356eb29ceba9eb7006e784a2a955493d3d7db0ddd61e96c55762,958,
tests/test_preprocessing.py,UNCHANGED,e6776c2f2df8027126ceb151d3066130039a9904c85eba12b832e61eb365e542,e6776c2f2df8027126ceb151d3066130039a9904c85eba12b832e61eb365e542,3575,
tests/test_repair_regressions.py,ADDED,,afad9b9a7d8ccc347d57aa6e871a2b05c8cae0e72cc95e72f35297a99bde2d47,3079,
tests/test_snapshot.py,ADDED,,ca22b8c99b6942f2d5f97096edb64620e6edaac5113a1771e56652ca55bcfe6c,2267,
