id,origin,priority,title,subsystem,expected_behavior,reproduction_or_basis,cause_status,implementation,verification,evidence,remaining_risk_or_next_action,owner,production_incidence
ZT-01,original,P2,Undefined benchmark capture could divide by zero,evaluate.py,Return an explicitly undefined metric when benchmark is nonpositive,Zero oracle revenue regression,Confirmed,Return None for oracle <= 0,PASS: local Python regressions,regression-baseline-refined.log; python-final-tests.log,Downstream callers must accept None; ordinary positive-benchmark equation unchanged,Sequential implementation and self-review; human owner not assigned,Unknown; no production telemetry
ZT-02,original,P2,Invalid finite-value boundaries,evaluate.py; optimize.py,"Reject nonfinite/invalid durations, capacities and offers",Parameterized zero/negative/nonfinite input regressions,Confirmed,Finite and range guards,PASS: local Python regressions,regression-baseline-refined.log; python-final-tests.log,Not a security certification or exhaustive arbitrary-input proof,Sequential implementation and self-review; human owner not assigned,Unknown; no production telemetry
ZT-03,original,P2,Single-observation R2 warning and undefined value,evaluate.py,MAE/RMSE remain useful; R2 explicitly None for one record,One-row regression with warnings treated as errors,Confirmed,Explicit sample-count handling,PASS: local Python regressions,regression-baseline-refined.log; python-final-tests.log,"Single-row R2 is undefined, not zero",Sequential implementation and self-review; human owner not assigned,Unknown; no production telemetry
ZT-04,original,P2,Invalid scenario probabilities or price ordering,optimize.py,Reject malformed/nonfinite/misaligned/negative probability inputs,Parameterized expected-revenue and LP input regressions,Confirmed,"Probability, production and price-order validation",PASS: local Python regressions,regression-baseline-refined.log; python-final-tests.log,This does not validate actual market settlement rules,Sequential implementation and self-review; human owner not assigned,Unknown; no production telemetry
ZT-05,original,P1,Quantile-one probability roundoff selected lowest class,direct.py,Highest supported class at decision quantile one,Near-unit probability row caused cumulative search to wrap to lowest class,Confirmed,Normalize accepted rows; set final cumulative entry to one,PASS: local regression plus parity checks,regression-baseline-refined.log; python-final-tests.log; parity-final.log,Correctness repair verified for stated boundary; live model performance unknown,Sequential implementation and self-review; human owner not assigned,Unknown; no production telemetry
ZT-06,original,P2,Invalid class identifiers and bracket capacity,direct.py,Reject duplicate/negative class IDs and invalid encoder parameters,Transform-before-fit and class-map regressions,Confirmed,Validate class uniqueness and encoder inputs,PASS: local Python regressions,regression-baseline-refined.log; python-final-tests.log,Previously accepted malformed inputs now raise ValueError,Sequential implementation and self-review; human owner not assigned,Unknown; no production telemetry
ZT-07,product improvement,IMPROVEMENT,Research commands lacked graphical exploration,web/; app.py,Expose existing domain and results without fictitious order functions,Source inventory found research CLI and no UI,"Observed scope, not an original failure",Five-screen portable app and optional loopback solver,PASS: bounded browser harness; real HTTP checked separately,browser-checks.json; browser-final.log; python-final-tests.log,Native file/local browser navigation and integrated user session remain BLOCKED,Sequential implementation and self-review; human owner not assigned,Unknown; no production telemetry
ZT-08,new candidate,P2,Edited assumptions could leave misleading old results,web/app.js,Retain drafts and prevent stale save/export/cross-check,Form-edit and navigation acceptance checks,"Statically supported, then checked after repair",Draft state; stale flag; action guards,PASS: browser harness,browser-checks.json; browser-final.log,Native durable storage still needs normal-browser acceptance,Sequential implementation and self-review; human owner not assigned,Unknown; no production telemetry
ZT-09,new candidate,P3,Mobile styling hid theme control,web/styles.css,Theme remains reachable on narrow viewports,Browser harness reproduced missing visible mobile theme button,Confirmed,Responsive toolbar visibility corrected,PASS: five-viewpoint responsive harness,browser-functional-harness-corrected.log; browser-final.log,Physical-device and other-browser checks NOT RUN,Sequential implementation and self-review; human owner not assigned,Unknown; no production telemetry
ZT-10,new candidate,P2,Snapshot compiler accepted inconsistent input artifacts,scripts/build_app.py,"Reject nonfinite direct results, alignment/capacity/metadata mismatch",Six input mutation tests and full source revenue parity,Confirmed input-boundary gap,"Validate both frames, timestamp identity, capacity and source metadata",PASS: six Python tests; 34992 revenue comparisons,python-final-tests.log; snapshot-verification.json,Only supplied synthetic sources are verified,Sequential implementation and self-review; human owner not assigned,Unknown; no production telemetry
ZT-11,new candidate,P2,Malformed API result could appear cross-checked,web/engine.js; web/app.js,Only display cross-check success for valid matching solver result,Malformed/nonfinite/mismatched result tests,"Statically supported, then regression checked",Finite/bounds/objective and interval guard,PASS: JavaScript test cases,javascript-final-tests.log,Actual browser-to-Python session BLOCKED by browser policy,Sequential implementation and self-review; human owner not assigned,Unknown; no production telemetry
GAP-01,environment,BLOCKER,Native browser launch and persistence unavailable here,browser policy,"Normal user launch, save/reopen and Python cross-check",file:// and loopback navigation blocked by administrator policy,Environment blocked,No policy bypass; isolated DOM harness plus separate HTTP tests,BLOCKED,browser-first-pass.log; hosted-smoke.log; browser-checks.json,Run normal Windows browser acceptance script before wider distribution,Sequential implementation and self-review; human owner not assigned,Unknown; no production telemetry
GAP-02,tooling,BLOCKER,Declared lint and CI environment not reproduced,ruff; CI; package environment,Run retained Ruff and hosted Python 3.11/3.12 CI checks,Network blocked tool install; pytest9 used instead of declared pytest8,Environment blocked,Existing required checks retained; no dependency-range workaround,BLOCKED for Ruff/hosted CI; direct wheel build tested separately,tool-install.log; ruff-unavailable.log; python-final-tests.log,Install declared development dependencies and run original CI before release,Sequential implementation and self-review; human owner not assigned,Unknown; no production telemetry
GAP-03,training evidence,P2,Default full training incomplete; reduced run has convergence warnings,phase2; phase3,Completed intended training workload with reviewed convergence,Two interrupted default-grid attempts; reduced-grid run completed with four Lasso warnings,"Observed, full-grid convergence not established",No suppression or invented full-training pass,PASS only for reduced smoke execution; full workload unverified,pipeline-smoke-interrupted.log; pipeline-default-timeout.log; reduced-training-smoke.log,Review scaling/convergence and rerun full configured training with adequate time,Sequential implementation and self-review; human owner not assigned,Unknown; no production telemetry
GAP-04,scientific scope,BLOCKER FOR LIVE USE,Operational availability and settlement unverified,research assumptions,Establish forecast-time data availability and real settlement before operational use,Synthetic source and historical feature/price assumptions only,Unknown for operational use,Prominent synthetic and no-real-orders labels,NOT RUN: live-market validation,AUDIT_AND_RELEASE.md; README.md,Separate validated market-data and broker scope required; never infer live profitability,Sequential implementation and self-review; human owner not assigned,Unknown; no production telemetry
GAP-05,human and device evidence,BLOCKER,Human UAT and accessibility conformance incomplete,release acceptance,Real user/device/assistive-technology acceptance,"No human sessions, screen readers or physical-device tests available",Unknown,Provide twenty-step UAT and release checklist,NOT RUN,UAT_AND_RELEASE_CHECKLIST.md; browser-checks.json,Assign real owners and execute required checks; no conformance claim,Sequential implementation and self-review; human owner not assigned,Unknown; no production telemetry
